Sentence,Best Label,animal,urgent,travel,computer,fiction,artificial intelligence
"The axolotl is more than a peculiar amphibian; in its natural environment, it plays an essential role in the ecological stability of the Xochimilco canals.",animal,0.8124869465827942,0.6921648979187012,0.03828197717666626,0.0006643150700256228,0.0004742704622913152,0.00016169965965673327
"Geoffrey Hinton, Yann LeCun and Yoshua Bengio are considered the ‘godfathers’ of an essential technique in artificial intelligence, called ‘deep learning’.",artificial intelligence,0.009342782199382782,0.4805610179901123,0.06018724665045738,0.9014135003089905,0.00047184506547637284,0.9947937726974487
"Greenland is about to open up to adventure-seeking visitors. How many tourists will come is yet to be seen, but the three new airports will bring profound change.",travel,0.04503735899925232,0.4893150329589844,0.9711762070655823,0.029006075114011765,0.008353729732334614,0.008333001285791397
"GitHub Copilot is an AI coding assistant that helps you write code faster and with less effort, allowing you to focus more energy on problem solving and collaboration.",artificial intelligence,0.02466007135808468,0.2690483629703522,0.007501316722482443,0.8698199987411499,0.0013482143403962255,0.9961298704147339
I have a problem with my laptop that needs to be resolved asap!!,urgent,0.0006969919777475297,0.998541533946991,0.026578497141599655,0.9973840713500977,0.004918253980576992,0.001358398119919002
